node1,node2
0,2570
0,35300
0,36124
0,32542
0,47328
0,14809
0,14484
0,28092
0,12596
0,26575
0,18055
0,24445
0,24208
0,24208
77,24445
585,40232
1213,18156
1213,23075
1213,36124
2236,20174
2236,33010
2236,18156
2444,17951
2444,15175
2444,18432
2444,21488
2444,32172
2444,44985
2444,10676
2444,24218
2444,20907
2444,44980
2444,33162
2444,11248
2444,5805
2444,37206
2444,5612
2444,44658
2444,32095
2444,28656
2444,9036
2444,43447
2444,20174
2566,33704
2566,25226
2566,37338
2566,16171
2566,7786
2566,34395
2566,31738
2566,32865
2566,47472
2566,10021
2566,15029
2566,26830
2566,2845
2566,19081
2566,32072
2566,29345
2566,7416
2566,3172
2566,38440
2566,31360
2566,30664
2566,9036
2570,17391
2570,14484
2573,37740
2573,37528
2573,16764
2573,41442
2573,11429
2573,6267
2573,27675
2573,41764
2573,16620
2573,22414
2573,11291
2573,14129
2573,15076
2573,36771
2573,13713
2573,20174
2632,19039
2632,19081
2649,18998
2649,23234
2649,40434
2649,23781
2649,28839
2649,42103
2649,22507
2649,27466
2649,33017
2649,36347
2649,32780
2649,33094
2649,16381
2649,8842
2649,10813
2649,36096
2649,27396
2649,31599
2649,6672
2649,43928
2649,7010
2649,28453
2649,42131
2649,45174
2649,16022
2649,25159
2649,18138
2649,39403
2649,28328
2649,44383
2649,37528
2656,21063
2656,18138
2685,32645
2685,42131
2815,19956
2815,47099
2815,13570
2815,35300
2845,31273
2845,13671
2845,46699
2845,26102
2845,47232
2845,33014
2845,17094
2923,37459
2923,22452
2923,41494
2923,19244
2923,7615
2923,33785
2923,14706
2923,7829
2923,11120
2923,27823
2923,8205
2923,4539
2923,20904
2923,28313
2923,6440
2923,13436
2923,18432
2943,42782
2943,31655
2943,25576
2943,35001
2943,23874
2943,45989
2943,16210
2943,20551
2943,33393
2943,6874
2943,7651
2943,18693
2943,18458
2943,32797
2943,25870
2943,47151
2943,21307
2943,6075
2943,20444
2943,36273
2943,25098
2943,37175
2943,7496
2943,47448
2943,29443
2943,14963
2943,26139
2943,26096
2954,25054
2954,20660
2954,26830
2974,12291
2974,44514
2974,12820
2974,42028
2974,47448
2976,17951
2989,18165
2989,16761
2989,21757
2989,17507
2989,33094
3033,3763
3033,35554
3033,45069
3033,2660
3033,27357
3033,44037
3033,32172
3033,12252
3033,31829
3033,8041
3033,42262
3033,36330
3033,4984
3033,34642
3033,18346
3033,5147
3033,39177
3033,7416
3044,20907
3077,21327
3077,11787
3077,39601
3077,6665
3077,44152
3077,16454
3077,44658
3087,26287
3087,15687
3087,17217
3087,16089
3087,6412
3087,6365
3087,7576
3087,29395
3087,43422
3087,43287
3087,5879
3087,30741
3087,8844
3087,40232
3087,11869
3087,45843
3087,19951
3087,20928
3087,45441
3087,26766
3087,33546
3087,11289
3087,31627
3087,37600
3087,16455
3087,39675
3087,24329
3087,6157
3087,40538
3087,29481
3087,36347
3115,4286
3115,40145
3115,21327
3119,21488
3166,18255
3166,17594
3166,46841
3166,45441
3173,35279
3173,44949
3173,22222
3173,29532
3173,33258
3173,18660
3173,30437
3173,25702
3173,11511
3173,26675
3173,43996
3173,44806
3173,13962
3173,32622
3173,39050
3173,14612
3173,42714
3173,3638
3173,26984
3173,31785
3173,15421
3173,32480
3173,35076
3173,24858
3173,46629
3173,38067
3173,42910
3173,9154
3173,28904
3173,6966
3173,19501
3173,11248
3174,5812
3174,11511
3184,26139
3194,43706
3194,16444
3194,19910
3194,14336
3194,47022
3194,33046
3194,7576
3195,24725
3195,27721
3195,35490
3195,26502
3195,32480
3251,31726
3251,36074
3251,15189
3251,46841
3251,13660
3251,37399
3251,25383
3251,18255
3266,27396
3276,35300
3292,21327
3302,42345
3302,5588
3302,3858
3302,4338
3302,32370
3302,19831
3302,31472
3302,32258
3302,26591
3302,4762
3302,16746
3302,41050
3302,22549
3302,16743
3302,10763
3302,11149
3302,41713
3302,8716
3302,10594
3302,30231
3302,40170
3302,20366
3302,15561
3302,16724
3302,38179
3302,33654
3302,33883
3302,35046
3306,21327
3306,272
3306,21294
3306,3858
3333,32766
3333,1932
3333,30462
3333,16557
3333,32780
3333,40882
3333,36468
3333,20148
3333,16801
3335,4272
3335,36818
3335,22687
3335,9210
3335,4328
3335,32370
3358,23880
3358,33913
3358,35411
3358,43773
3358,21646
3358,40003
3358,27834
3358,3973
3358,4984
3360,40253
3360,11380
3360,21739
3360,4745
3360,10962
3360,42346
3360,15687
3360,5639
3360,25743
3360,30741
3369,20160
3369,29857
3369,41944
3369,41118
3369,37525
3369,46629
3406,31641
3406,8041
3411,19620
3411,23505
3411,16856
3411,21818
3411,15587
3411,22580
3411,16027
3411,4411
3411,25705
3411,12219
3411,33258
3418,30388
3418,43703
3418,13855
3418,43928
3419,45811
3419,15908
3419,24814
3419,28092
3419,47328
3429,45161
3429,40713
3429,14174
3429,38380
3429,32230
3429,13446
3429,13962
3450,34770
3450,34590
3450,25155
3450,6426
3450,40565
3450,39713
3450,46069
3450,33018
3450,14283
3450,19374
3450,44980
3450,17725
3450,26359
3450,33094
3450,28453
3454,33046
3461,6045
3461,17178
3461,27721
3467,21441
3467,41720
3467,25576
3467,6469
3467,18872
3467,27346
3467,20444
3491,36347
3525,27817
3525,20287
3525,24723
3525,29101
3525,41684
3525,17026
3525,9506
3525,13101
3525,17115
3525,43025
3525,45933
3525,17354
3525,17824
3525,31880
3525,43692
3525,39311
3525,20540
3525,39543
3525,29186
3525,14303
3525,33641
3525,36182
3525,22991
3525,21946
3525,39619
3525,35283
3525,33705
3525,17667
3525,11511
3528,21788
3528,41893
3528,26808
3528,20540
3529,34261
3529,11289
3537,17596
3537,43098
3537,41917
3549,13725
3549,12747
3549,16132
3549,35300
3552,41584
3552,20364
3552,40232
3552,9455
3552,16786
3552,30231
3553,45237
3553,38472
3553,33018
3553,15641
3553,29924
3553,44401
3553,28327
3553,11998
3553,35343
3553,14695
3553,29979
3553,46994
3553,32432
3553,30162
3553,15944
3553,4411
3560,30270
3560,18559
3560,33196
3560,8801
3560,22639
3560,41688
3560,5991
3560,25175
3560,40930
3560,6915
3560,34949
3560,19873
3560,43788
3560,20502
3560,3850
3560,11669
3560,33747
3560,22662
3560,19856
3560,22802
3560,30319
3560,14026
3560,22586
3560,43169
3560,29265
3560,16455
3562,17476
3562,26287
3563,13939
3563,24723
3565,18914
3565,6332
3565,24135
3565,41442
3567,40013
3567,41109
3567,11199
3567,30574
3567,12519
3567,41827
3567,17862
3567,4887
3567,26575
3572,26628
3572,14129
3572,10721
3572,12035
3572,32492
3572,43479
3572,36568
3572,35477
3572,4777
3572,42433
3572,4360
3572,1309
3572,19575
3572,33573
3572,10491
3572,13713
3591,11979
3591,39311
3591,39777
3591,25399
3591,38613
3591,29101
3593,39743
3593,33378
3593,37216
3593,47007
3593,30837
3593,6864
3593,21927
3593,35223
3593,46456
3593,20280
3593,19377
3593,14275
3593,20547
3593,32914
3593,21269
3593,1427
3593,28136
3593,35654
3593,4019
3593,27817
3593,14647
3593,37236
3593,7024
3593,12779
3593,16922
3593,12129
3593,4930
3593,45958
3593,40678
3593,8816
3593,29483
3593,26612
3593,39777
3605,15919
3605,4637
3605,14947
3605,7290
3605,15484
3605,47310
3614,41232
3614,17126
3614,43176
3614,23744
3614,39104
3614,11349
3614,22632
3614,11172
3614,16801
3624,21071
3624,31655
3624,33393
3624,20444
3624,46211
3624,12399
3624,37642
3624,19442
3624,23874
3624,19301
3624,6874
3624,37175
3624,30708
3624,44519
3624,7496
3624,25870
3637,11090
3637,19853
3637,32363
3637,38948
3637,30566
3637,37897
3637,16454
3638,35279
3638,47169
3638,37840
3638,44012
3638,30561
3638,32392
3638,43938
3638,32480
3638,42911
3638,43636
3638,12041
3638,39067
3638,45776
3638,9858
3638,11930
3638,18789
3638,37898
3638,10279
3638,36558
3642,29785
3642,36133
3642,13287
3642,35107
3642,40503
3642,33030
3642,35950
3642,26117
3642,32405
3642,26617
3642,34898
3642,12479
3642,37263
3642,4539
3645,15368
3645,23933
3645,10364
3645,38978
3645,41537
3645,13716
3645,11860
3645,12907
3645,40025
3645,4338
3661,10491
3662,22754
3662,35416
3662,28031
3662,8212
3662,8737
3662,6267
3704,22985
3704,32865
3722,14993
3722,26984
3722,17379
3722,11497
3722,22623
3722,7463
3722,2231
3730,47120
3730,22586
3733,46612
3733,27910
3733,22066
3733,24492
3733,12648
3733,28381
3733,24527
3733,46416
3733,43422
3757,7549
3757,32647
3757,7433
3757,28002
3757,25790
3759,26288
3759,41747
3759,47481
3759,7529
3759,26627
3759,7930
3759,16757
3759,35610
3759,30523
3759,43783
3759,27772
3759,33546
3762,21716
3762,22691
3762,32529
3762,13505
3762,31324
3762,30533
3762,29212
3762,7066
3762,10943
3762,38502
3762,26830
3766,47486
3766,10366
3766,37749
3775,42676
3775,17217
3780,32257
3780,20229
3780,28650
3780,29993
3780,30218
3780,22683
3780,43422
3780,17048
3780,42817
3780,19569
3780,27984
3780,22513
3780,22669
3780,21946
3780,32229
3780,33219
3780,23958
3780,33670
3780,30089
3780,28904
3781,37480
3781,23014
3781,24520
3781,39050
3782,2204
3782,8172
3782,9295
3782,8405
3782,21474
3782,20121
3782,26766
3804,41182
3804,21488
3808,47070
3808,32252
3808,38299
3808,23102
3808,22401
3808,20560
3808,14738
3808,28313
3808,26139
3822,43645
3822,5000
3822,20989
3822,12693
3822,44944
3822,36394
3822,28110
3822,25807
3822,17048
3827,1968
3827,4526
3827,27271
3827,33779
3827,17018
3827,5879
3829,27087
3829,23818
3829,23324
3829,29305
3829,25758
3829,16814
3829,34698
3829,24054
3829,4286
3835,31549
3835,20085
3835,22147
3835,19081
3847,44985
3850,7620
3850,8427
3850,43887
3850,41583
3850,31123
3850,25001
3850,9725
3850,19645
3850,29206
3850,45638
3850,33450
3850,14021
3850,39535
3850,32473
3850,26982
3852,26037
3852,10721
3854,30297
3854,35513
3854,24723
3854,45399
3854,7759
3854,31620
3854,36145
3854,46621
3854,23422
3854,19887
3854,22543
3854,38275
3854,23014
3856,13057
3856,14914
3856,27323
3856,39713
3858,37475
3858,272
3858,45241
3858,26218
3858,9283
3858,4284
3858,22006
3858,39893
3858,14184
3858,12728
3858,28426
3858,38179
3858,9188
3858,45303
3858,9752
3860,21327
3860,22006
3860,42854
3860,6918
3860,39970
3860,10594
3862,40013
3863,22929
3863,17115
3872,8801
3874,20174
3874,44625
3874,39675
3886,10503
3886,24921
3886,17301
3886,37600
3888,9388
3888,33000
3888,27655
3888,18505
3888,22193
3888,34395
3891,38196
3891,27910
3891,42945
3891,23422
3891,4714
3891,46416
3892,12302
3892,9539
3892,25098
3897,20555
3897,17223
3897,44360
3897,2231
3905,14696
3905,32622
3905,4350
3905,4086
3905,43843
3905,3914
3905,6528
3905,41747
3905,19257
3905,14638
3905,4985
3905,37232
3905,18930
3905,32473
3908,5497
3908,36098
3908,4406
3908,4866
3908,13993
3908,38091
3908,27134
3908,4094
3908,39072
3908,34833
3908,8636
3908,34691
3908,12171
3908,37573
3908,5805
3911,29785
3913,17418
3913,4639
3913,37691
3913,18555
3913,19612
3913,39286
3913,37579
3913,31075
3913,27289
3913,19604
3913,45793
3913,15374
3913,24165
3913,19081
3914,26552
3914,25784
3914,33322
3914,43843
3914,26714
3914,38388
3914,1146
3914,35990
3914,16110
3914,18354
3914,21938
3917,22313
3917,3986
3917,39712
3917,8102
3917,25784
3922,6446
3922,46579
3922,2082
3922,43996
3922,40160
3922,6336
3922,19519
3926,8389
3926,44896
3926,8852
3926,7775
3926,5891
3926,23029
3926,43769
3926,34387
3926,11347
3926,37281
3926,44401
3935,20587
3935,35981
3935,5612
3936,8801
3944,19344
3944,41176
3944,12839
3944,20367
3944,39326
3944,28565
3944,23730
3944,39446
3944,6809
3944,29115
3944,20989
3945,19333
3945,7753
3945,14026
3945,6268
3945,18433
3945,18432
3947,37531
3947,32364
3947,24084
3947,43453
3947,4430
3947,24492
3947,31485
3947,34741
3947,7786
3947,35968
3947,38596
3947,41592
3947,27394
3947,39546
3947,38408
3947,28787
3947,12332
3947,18944
3947,35715
3947,47189
3947,31075
3947,13432
3947,44073
3947,38301
3947,4320
3947,44769
3947,18253
3947,37568
3947,42899
3947,30791
3947,13539
3947,16826
3947,10974
3947,33806
3956,14706
3957,43176
3958,11139
3958,16228
3958,15561
3959,6045
3960,6694
3960,26684
3960,21629
3960,46699
3969,20387
3969,11595
3969,32257
3973,41639
3973,14328
3973,27036
3973,29597
3973,12987
3973,7022
3973,15166
3973,41378
3973,40878
3973,19954
3973,13620
3973,11085
3973,4984
3973,10771
3973,7237
3973,17538
3973,33913
3973,4843
3973,34150
3973,39137
3973,25521
3973,5605
3973,6472
3973,44037
3973,27116
3973,16955
3976,18681
3976,43763
3976,10347
3976,25521
3981,23932
3981,29857
3982,14190
3982,15944
3984,39736
3984,4261
3984,18505
3984,15687
3986,25178
3986,9347
3986,23689
3986,15553
3986,8112
3986,15940
3986,45099
3986,997
3986,11997
3988,4037
3988,25751
3988,14439
3988,17501
3988,5529
3988,44089
3988,4827
3988,21844
3988,43447
3995,24723
3995,16508
3995,33760
3995,20310
3995,13380
3996,19613
3996,19081
4000,45076
4000,6211
4000,31927
4000,6677
4000,25852
4011,9130
4011,34151
4011,33783
4011,41554
4011,39853
4011,40412
4011,27720
4011,21699
4011,33696
4011,10972
4011,17638
4011,35164
4011,38596
4014,40878
4015,37531
4016,13721
4016,40901
4016,25758
4019,7105
4019,36628
4019,27460
4019,36882
4019,36698
4025,5549
4025,24547
4025,10045
4025,5605
4027,35864
4027,28898
4027,14284
4027,19291
4027,34949
4027,31086
4027,29384
4027,4811
4027,4412
4027,31544
4027,28818
4027,15353
4027,18432
4037,37206
4037,6972
4037,14888
4037,14439
4037,19604
4037,32184
4037,42078
4037,34876
4037,42181
4037,6487
4037,13930
4037,27193
4037,33244
4037,16404
4037,9530
4037,16328
4056,19257
4063,15273
4063,33988
4063,42518
4063,43291
4063,20104
4063,27825
4063,31732
4063,27772
4063,37665
4063,37206
4063,22007
4063,44269
4063,16481
4063,5946
4063,4350
4064,40414
4064,39300
4064,33654
4071,41309
4071,44540
4071,23744
4075,33131
4075,28614
4075,38621
4075,45383
4075,33179
4075,40705
4075,36490
4075,23079
4075,12614
4075,12907
4081,8774
4081,14424
4081,24159
4081,34669
4081,31474
4081,10565
4081,33353
4081,9749
4081,27947
4081,28223
4081,31650
4081,42310
4081,8678
4081,25807
4083,22926
4083,15224
4083,23406
4083,15358
4083,10364
4083,35076
4086,28046
4086,34486
4086,42614
4086,36290
4086,4985
4086,14071
4086,11074
4087,24723
4087,39928
4087,42368
4087,46471
4087,7935
4087,18012
4087,22991
4088,13021
4088,11717
4088,30586
4088,13567
4088,25397
4088,43553
4088,10357
4088,39700
4088,23683
4088,4985
4090,10811
4090,28449
4090,4862
4090,14708
4090,10697
4090,14320
4090,43436
4090,13092
4090,35600
4090,4619
4090,45533
4090,38148
4090,1968
4094,9010
4094,26708
4094,6975
4094,20248
4094,23356
4094,39565
4094,21767
4094,34659
4094,10506
4094,6521
4094,45308
4094,26007
4094,24438
4094,44485
4094,19860
4094,6421
4094,45735
4094,17532
4101,36744
4101,29528
4101,29239
4101,5293
4101,33968
4101,38621
4101,30237
4101,30035
4101,36490
4112,13436
4115,44134
4115,6064
4115,29075
4115,4695
4115,40944
4115,20047
4115,25888
4115,21214
4115,7076
4115,37017
4115,41764
4115,12941
4115,7797
4115,13333
4115,24044
4115,21970
4115,34253
4117,22250
4117,20555
4119,24699
4119,15817
4119,11124
4119,27024
4119,26903
4119,15683
4119,21706
4119,5788
4119,4032
4119,6267
4127,9638
4127,30543
4127,28983
4127,7141
4127,32057
4134,15799
4134,5523
4134,31112
4134,19424
4134,24113
4134,20045
4134,11505
4134,24165
4137,26492
4137,27867
4137,20702
4137,11006
4137,41959
4137,45800
4137,24903
4137,30515
4137,8530
4137,25178
4143,45754
4143,45006
4143,33909
4143,41980
4143,35187
4143,37278
4143,38596
4144,27655
4144,22193
4144,31947
4144,33507
4144,7500
4144,34395
4154,40800
4154,17612
4154,46383
4154,36249
4154,14937
4154,37459
4156,32544
4156,36908
4156,16712
4156,36195
4156,40315
4156,44540
4159,25019
4160,46640
4160,35700
4160,32063
4160,23689
4162,25973
4162,8486
4162,42433
4162,42718
4162,11311
4162,11173
4162,5357
4162,29913
4162,14419
4162,7414
4162,13432
4166,7463
4167,45473
4167,16807
4167,31815
4167,8253
4167,15130
4167,21169
4167,14664
4167,35064
4167,3394
4167,38254
4167,14735
4167,29254
4167,28746
4170,5520
4170,15422
4170,38376
4170,44247
4170,22055
4170,25552
4170,37459
4171,42782
4171,45355
4171,25576
4171,19584
4171,14474
4171,6874
4171,34789
4171,21071
4171,41639
4171,34312
4171,20444
4171,8939
4171,23874
4171,23316
4171,29463
4171,8244
4171,29443
4174,5096
4174,24814
4174,28092
4174,47328
4174,17089
4174,13320
4174,18055
4178,36672
4178,32608
4178,12843
4178,20572
4178,21701
4178,47468
4178,43815
4178,6029
4178,18775
4178,44473
4178,18430
4178,23406
4179,18734
4179,30436
4179,31123
4179,23409
4179,35892
4179,4338
4179,31516
4179,22627
4179,25269
4179,9101
4179,12907
4179,33131
4180,46612
4180,22833
4180,24031
4180,14374
4180,15114
4180,38427
4180,36967
4180,47106
4180,37907
4180,24283
4180,33524
4180,17021
4180,13333
4181,20959
4181,42103
4181,18481
4181,40641
4181,27898
4181,18138
4181,5773
4181,41991
4181,16902
4181,32019
4181,18249
4181,19383
4181,36855
4181,43928
4181,43342
4181,32177
4181,29715
4181,37462
4181,29938
4181,16801
4186,10486
4186,45637
4186,32163
4186,5427
4186,37740
4188,20824
4188,28486
4188,9018
4188,27906
4188,27269
4188,35568
4188,39279
4188,26411
4188,38022
4188,23493
4188,46168
4188,39588
4188,45108
4188,46443
4188,32653
4188,7859
4188,17024
4188,21689
4188,11452
4188,13160
4188,13380
4190,41107
4190,18178
4190,45103
4190,12321
4190,30404
4190,20336
4190,22142
4190,22381
4190,5743
4190,12068
4190,17501
4193,28981
4193,22530
4193,38148
4197,14843
4197,31470
4197,28461
4197,7543
4197,17638
4207,17476
4207,39446
4208,28519
4208,24177
4208,43969
4208,32007
4208,31534
4208,17130
4208,8405
4213,39992
4213,123
4213,15005
4213,44790
4213,34709
4213,21763
4213,31670
4213,15138
4213,14738
4228,13089
4228,44525
4228,29321
4228,31829
4231,23746
4231,32257
4233,45774
4233,34773
4233,6217
4233,29265
4236,15501
4236,40290
4236,47528
4236,35083
4236,25679
4236,11121
4236,39463
4236,15531
4236,31874
4236,20316
4236,31273
4238,41634
4238,26684
4238,6307
4238,25293
4238,22489
4238,15114
4238,19028
4238,45042
4238,27405
4238,28803
4238,5940
4238,13333
4240,25083
4240,34927
4240,11997
4249,7715
4249,15949
4249,44409
4251,45399
4251,21464
4251,30362
4251,30582
4251,31079
4251,13006
4251,13380
4251,34598
4251,43446
4251,43908
4251,9062
4257,31139
4257,46594
4257,26231
4257,22165
4257,46465
4257,14711
4257,39996
4257,33964
4257,45644
4257,27984
4261,13898
4261,45354
4261,26554
4261,23368
4261,38830
4261,17082
4261,29052
4261,18924
4261,26174
4261,29236
4261,23198
4261,25185
4261,15198
4261,19735
4261,15687
4261,33410
4261,38154
4261,30906
4261,31997
4261,34102
4263,47266
4263,23969
4263,34249
4263,14719
4263,27949
4263,14669
4263,45417
4263,28061
4263,8209
4263,18354
4267,9101
4267,29110
4267,23125
4267,28800
4267,18616
4267,6412
4269,24829
4269,18888
4269,12343
4269,27636
4269,37176
4269,22607
4269,45100
4269,43422
4272,11916
4272,23663
4272,25359
4272,20341
4272,14876
4273,40518
4273,27515
4273,37961
4273,20699
4273,4835
4273,11941
4273,25166
4273,24218
4273,15060
4273,24537
4273,7276
4273,13432
4275,22965
4275,37558
4275,11238
4275,7433
4275,13509
4275,36957
4275,36096
4284,42531
4284,13107
4284,2708
4284,272
4284,5588
4284,37475
4284,8575
4284,12728
4284,14145
4284,24264
4284,21327
4284,9188
4284,29392
4286,2648
4286,24299
4286,14930
4286,34094
4286,30571
4286,13740
4286,46205
4286,19580
4286,32659
4286,21455
4286,5286
4286,4463
4286,24054
4286,43547
4296,44214
4296,11993
4308,40700
4308,38978
4310,28333
4310,32922
4310,17611
4310,8561
4310,11208
4310,20863
4310,20767
4310,37087
4310,40597
4310,23128
4310,27893
4310,18068
4310,1385
4310,43357
4310,29627
4310,36760
4310,38179
4312,37142
4312,7840
4312,45905
4312,46375
4312,16344
4312,8030
4312,46275
4312,25925
4312,8152
4312,20838
4312,26886
4312,25103
4312,37971
4312,20719
4312,34841
4312,5612
4312,40214
4312,15427
4312,24753
4312,42374
4315,32597
4315,45741
4315,43597
4315,43746
4315,10600
4315,46497
4315,24343
4315,22443
4315,17401
4315,18534
4315,5485
4315,27815
4315,30816
4315,4360
4315,31865
4315,37907
4319,36468
4320,35338
4320,8955
4320,23076
4320,28563
4320,31773
4320,10079
4320,7983
4320,27748
4320,9542
4320,32582
4320,16952
4320,25723
4320,14208
4320,46733
4320,29205
4320,12464
4323,46660
4323,16564
4323,18875
4323,10184
4323,25440
4323,35377
4323,37850
4323,23362
4323,35573
4323,7276
4326,25947
4326,16174
4326,38299
4326,4454
4326,9820
4326,12399
4328,9650
4331,14754
4331,31112
4331,32646
4331,45519
4331,15799
4335,39423
4335,30059
4335,6696
4335,35878
4335,33515
4335,37836
4335,17790
4335,47007
4338,47537
4338,9794
4338,8716
4338,31610
4338,35230
4338,21136
4338,5995
4338,33696
4338,21646
4338,31144
4338,45243
4338,15828
4338,7425
4338,32867
4338,14632
4338,34094
4338,33275
4338,30427
4338,47000
4338,41110
4338,23589
4338,22006
4338,40823
4338,24219
4338,13823
4338,12907
4338,8695
4338,47048
4338,27275
4338,12481
4338,15851
4338,34299
4338,5293
4338,41026
4338,25391
4338,13721
4338,25507
4338,30410
4338,42273
4338,26200
4338,4939
4338,31455
4338,11410
4338,15614
4338,24567
4338,5457
4338,27615
4338,29634
4338,19934
4338,19070
4338,20933
4338,29163
4338,28624
4338,8319
4338,16724
4338,9293
4338,26257
4338,8952
4338,13905
4338,29932
4350,16165
4350,43899
4350,42749
4350,21170
4350,11768
4350,28333
4350,33095
4350,5356
4350,22212
4350,36970
4350,11477
4350,13231
4350,22104
4350,12346
4350,22244
4350,21479
4350,24211
4350,42461
4350,4450
4350,44919
4350,9629
4350,22842
4350,38140
4350,28212
4350,36664
4350,28983
4350,17616
4354,18111
4354,34720
4354,28339
4354,43575
4354,22884
4354,19931
4354,20064
4354,1598
4354,16479
4354,40093
4354,16298
4354,37361
4354,20126
4354,19111
4357,27690
4357,37689
4357,30613
4357,43025
4357,30984
4357,29785
4357,33422
4357,28788
4357,18014
4357,37292
4357,10300
4357,6038
4357,6481
4357,41584
4357,34150
4357,34741
4357,38301
4357,37600
4357,13765
4357,7273
4357,40804
4357,27237
4357,24805
4357,23076
4360,22443
4360,42890
4360,22342
4360,17999
4360,27477
4360,42090
4360,34468
4360,26484
4360,31457
4360,13016
4360,20058
4360,33026
4360,5232
4360,3895
4360,7471
4360,23773
4360,35092
4369,46759
4369,28683
4369,41689
4369,33136
4369,21832
4369,16654
4369,12346
4370,1131
4370,37237
4370,27995
4370,5864
4370,14533
4370,16298
4373,40385
4373,18384
4373,19987
4373,14499
4373,10829
4373,36796
4373,46167
4373,29247
4373,6989
4373,16135
4373,18580
4373,13089
4377,29732
4377,35513
4378,10481
4378,24355
4378,22274
4378,41583
4378,21488
4382,6064
4383,47381
4383,5536
4383,33839
4383,39093
4383,33739
4383,14753
4383,26684
4383,18077
4383,47053
4383,40163
4383,21322
4383,20089
4383,13494
4383,38778
4383,16059
4383,27294
4383,13713
4384,38747
4384,4229
4384,25327
4384,24709
4384,8685
4384,11047
4384,28422
4384,23958
4391,17021
4394,37955
4394,8358
4394,32405
4400,37533
4400,20617
4400,26537
4400,35114
4400,7315
4400,11997
4401,21038
4401,14424
4401,34669
4401,31650
4401,9749
4401,28223
4401,8774
4401,37378
4401,8678
4402,6474
4402,35829
4402,25973
4403,44739
4403,22857
4403,22683
4404,45985
4404,43287
4404,42767
4404,16228
4404,21749
4404,40661
4404,12095
4404,25336
4404,41922
4404,21350
4404,35064
4406,33517
4406,11447
4406,27647
4406,38841
4406,39324
4410,21716
4410,28521
4410,15665
4410,21996
4410,22521
4410,35568
4411,33363
4411,39661
4411,19106
4411,40253
4411,35871
4411,31095
4411,31815
4411,1579
4411,6798
4411,23505
4411,11000
4411,16856
4411,27685
4411,44737
4411,35776
4411,20504
4411,16741
4411,27296
4411,11216
4411,38258
4411,22208
4411,17747
4411,37064
4411,9314
4411,19528
4411,38303
4411,17154
4411,8552
4411,11692
4411,6442
4411,34980
4411,4292
4411,18202
4411,44024
4411,4969
4411,20265
4411,38464
4411,45624
4411,17339
4411,5769
4411,33483
4411,24105
4411,18800
4411,2094
4411,35289
4411,10886
4411,14875
4411,20018
4411,606
4411,17377
4411,24378
4411,36258
4411,9945
4411,24452
4411,20927
4411,11107
4411,5085
4412,13926
4412,10865
4412,36365
4412,11688
4412,11010
4412,12186
4412,34543
4414,13053
4414,38667
4414,46304
4414,36468
4418,39116
4418,9866
4418,39889
4418,28351
4418,15498
4418,45141
4418,6485
4418,33335
4418,5463
4418,20227
4418,20860
4418,8952
4429,2549
4429,10593
4429,37528
4430,32364
4430,18204
4430,10887
4431,19628
4431,25282
4431,37218
4431,41801
4431,32644
4431,32230
4433,6900
4433,37841
4433,22745
4433,19540
4433,44011
4433,36048
4433,39978
4433,32865
4434,42932
4434,5269
4434,14539
4434,36748
4434,20050
4434,27680
4434,21838
4434,21718
4434,34407
4434,16249
4434,46903
4434,38540
4434,7237
4434,10137
4434,37295
4434,25330
4434,37198
4434,45672
4434,17382
4434,13620
4434,34876
4439,39957
4439,32358
4439,9794
4440,20362
4440,10513
4440,11020
4440,20991
4440,30906
4442,47448
4445,22312
4445,29004
4445,42334
4445,21777
4445,33113
4445,24147
4445,41392
4445,22484
4445,16659
4445,10011
4447,39229
4447,29153
4447,9237
4447,21307
4449,17849
4449,25718
4449,23155
4449,37292
4449,27784
4449,16756
4449,17204
4449,13235
4449,32582
4449,18944
4450,37902
4450,46998
4450,29856
4450,24968
4450,47246
4450,16666
4450,18676
4450,42856
4450,38088
4450,33478
4450,25088
4450,33133
4450,27369
4452,3496
4463,34094
4463,39752
4463,24054
4463,20984
4463,13740
4463,40437
4463,2648
4463,8775
4463,17356
4463,14930
4463,17008
4463,13316
4463,43547
4463,46205
4464,9626
4464,6023
4464,20838
4467,25212
4467,14130
4467,17301
4473,29954
4473,23880
4475,37531
4477,41497
4477,10640
4477,30797
4477,21193
4477,10169
4477,39893
4477,41288
4477,17897
4477,33647
4477,35230
4479,14567
4479,44980
4480,17235
4480,34661
4480,37383
4480,14849
4480,33813
4480,35176
4480,39619
4484,11929
4484,39809
4484,30070
4484,20560
4484,46868
4484,8939
4484,24111
4484,8244
4484,25440
4484,40670
4484,37094
4484,11940
4484,20032
4484,18251
4484,23625
4484,21363
4484,6605
4484,13889
4484,22401
4484,14021
4488,37422
4488,11477
4496,29806
4496,9692
4496,45985
4499,47330
4499,33892
4499,18958
4499,6371
4499,31302
4499,9662
4499,31381
4499,9146
4499,5685
4499,18457
4499,7060
4499,44485
4503,23831
4503,5262
4503,24814
4504,38696
4504,29653
4504,16010
4504,34287
4504,7066
4504,29212
4507,34288
4507,44383
4507,28357
4507,38449
4507,44980
4507,43342
4508,17566
4508,34636
4508,15059
4508,6361
4508,42801
4508,37322
4508,43944
4508,34859
4508,15912
4508,35998
4508,4676
4508,13785
4508,44385
4508,40172
4508,28517
4508,5960
4508,30777
4508,5693
4508,14185
4508,29587
4508,24417
4508,9485
4508,11326
4508,5108
4508,45735
4508,41985
4508,2660
4512,35878
4512,28325
4512,32443
4512,22476
4512,45919
4512,17790
4514,41501
4514,20934
4514,38271
4514,21366
4514,21749
4519,21322
4520,23013
4520,27264
4520,37709
4520,39996
4521,16991
4521,40609
4521,44805
4521,24417
4524,41747
4524,31171
4524,6972
4527,24362
4527,30176
4527,21739
4537,28222
4537,30751
4537,37790
4537,22653
4537,36604
4537,41431
4537,36202
4537,46235
4537,17453
4537,5079
4537,24637
4537,35159
4537,37908
4537,27726
4537,46586
4537,15058
4537,25516
4537,45054
4537,37697
4537,32229
4539,37459
4539,27573
4539,40375
4539,5314
4539,31741
4539,36243
4539,14706
4539,4627
4539,7873
4539,22483
4539,13324
4539,46854
4539,6356
4539,20904
4539,47133
4539,17780
4539,8427
4539,20586
4539,27665
4539,42199
4539,9570
4539,39895
4539,942
4539,36373
4539,18920
4539,35284
4539,37846
4540,4900
4540,14849
4544,33081
4544,22639
4545,41792
4545,9664
4545,29394
4545,28145
4545,27634
4545,36649
4545,11219
4545,7690
4545,12402
4545,7883
4545,20093
4545,31587
4545,16020
4545,8198
4545,37410
4545,13438
4545,32484
4545,14739
4545,8294
4545,26248
4545,14168
4545,4722
4545,23948
4545,11717
4546,8228
4546,11941
4555,23980
4555,28391
4555,4679
4555,36235
4555,14563
4555,10995
4555,14038
4555,16516
4555,41630
4555,27979
4555,19809
4555,20229
4555,16624
4555,24858
4556,41182
4559,13295
4559,23604
4559,6469
4562,30584
4562,43947
4562,42651
4562,45041
4562,20420
4562,27203
4562,7597
4562,27775
4562,22230
4562,14380
4562,30906
4564,19520
4564,47319
4564,21545
4564,17416
4564,44423
4564,29800
4564,25311
4564,41628
4564,29998
4564,32368
4564,36997
4564,27589
4564,28145
4564,7425
4565,36799
4565,28563
4568,33402
4568,42651
4571,43451
4571,42752
4571,36439
4571,35950
4576,23341
4576,12627
4576,31713
4576,5356
4577,25684
4577,30319
4577,8152
4578,19838
4578,34636
4578,5052
4578,19764
4578,27158
4578,32153
4578,15717
4578,7983
4582,43009
4582,21303
4582,13008
4582,27835
4582,5798
4582,35413
4582,17185
4582,46247
4582,47232
4588,10640
4592,47505
4592,34965
4592,6774
4592,7047
4592,16786
4592,31735
4592,24099
4592,31769
4592,8680
4592,5981
4592,20508
4592,12577
4592,15019
4592,31528
4596,13640
4596,6755
4596,25399
4596,38613
4598,42738
4598,40570
4598,31187
4598,42724
4598,28002
4598,20745
4598,24527
4598,6336
4601,14185
4602,46187
4602,42095
4602,24089
4602,15168
4602,35761
4602,29596
4602,29046
4605,45885
4605,42142
4605,24577
4605,14620
4605,6788
4605,18381
4605,8774
4608,17835
4608,14875
4609,15211
4609,46239
4609,28952
4609,27309
4609,14666
4609,18560
4609,45276
4609,44530
4609,46247
4609,8458
4609,4828
4609,29653
4610,35471
4610,19029
4610,43101
4610,24219
4611,7589
4611,12325
4611,9315
4611,10332
4611,10810
4611,43883
4611,7273
4612,27515
4612,22055
4615,18843
4615,38301
4615,36784
4615,7273
4617,11941
4619,42428
4619,32963
4619,39894
4619,20947
4619,27509
4619,14852
4625,29590
4625,32748
4625,14174
4627,42451
4627,24058
4627,29677
4627,36373
4627,43609
4627,36549
4627,19002
4627,28231
4627,17273
4627,39895
4627,41066
4627,17231
4627,942
4627,36243
4628,35119
4628,6526
4628,25068
4628,18911
4628,7836
4628,38089
4628,38034
4628,13781
4628,40137
4628,13930
4628,28797
4628,43025
4629,24159
4630,41171
4630,34787
4630,41418
4630,41743
4630,32407
4630,32454
4630,47106
4630,42798
4630,36270
4630,10735
4630,33524
4633,18802
4633,24870
4633,6774
4637,41121
4637,46986
4637,42988
4639,28836
4639,43802
4639,18378
4639,42915
4639,41341
4639,30771
4639,46702
4639,19362
4639,36231
4639,16373
4639,9302
4641,43899
4641,32185
4641,26328
4641,15096
4641,24033
4641,38181
4641,11296
4641,39981
4641,47189
4641,14082
4641,7916
4641,28521
4641,30101
4641,36275
4641,40108
4641,12941
4643,26024
4643,13509
4643,22686
4643,24440
4643,22218
4643,11124
4643,34807
4643,22965
4649,20091
4649,26808
4649,26612
4649,25850
4649,38838
4649,32972
4649,37942
4649,16455
4650,31922
4650,10162
4650,41205
4650,23958
4650,18253
4652,33069
4652,20646
4652,31302
4655,29347
4655,32040
4655,15330
4655,15907
4655,1579
4657,40838
4657,19880
4657,45290
4657,9845
4657,47440
4657,29395
4657,6877
4657,33786
4657,8844
4658,47268
4658,47280
4660,40207
4660,47458
4660,47281
4660,21106
4660,32905
4660,14489
4660,11107
4660,6616
4660,7363
4660,35067
4660,44661
4660,27685
4663,26244
4663,32503
4663,36367
4663,23804
4663,11993
4666,45033
4666,29347
4666,40518
4672,46825
4672,34805
4672,6587
4672,36654
4672,20819
4672,29584
4672,14902
4672,40830
4674,28430
4674,34066
4674,43972
4674,35868
4674,13309
4674,30972
4674,41303
4674,18078
4674,43169
4676,6119
4676,27652
4676,17242
4676,17995
4676,16669
4676,32310
4676,14434
4676,5719
4676,35235
4676,28768
4676,47254
4678,10566
4678,11516
4678,32007
4678,27082
4678,15192
4679,6667
4679,23017
4679,41630
4679,34129
4679,33537
4681,28737
4681,10747
4681,24329
4683,26612
4688,15999
4688,37224
4688,18430
4688,10045
4689,33364
4689,31302
4692,46302
4692,38440
4693,30654
4693,21911
4693,35026
4693,31991
4693,15317
4693,6672
4693,22739
4693,43928
4693,27311
4693,28453
4693,20148
4695,40578
4695,21255
4695,30190
4695,21789
4695,5457
4695,15851
4695,28438
4695,43585
4695,13823
4695,42470
4695,22813
4695,32710
4695,5196
4695,5277
4695,36585
4699,38951
4699,29041
4699,19344
4699,12269
4699,28960
4699,11621
4699,27979
4700,30412
4700,14695
4703,44506
4703,11368
4703,20511
4703,26261
4703,31407
4703,35440
4703,28797
4703,36224
4703,39135
4703,38603
4703,7649
4703,40249
4703,34524
4703,13320
4704,40003
4709,41688
4709,22376
4709,17023
4709,15937
4709,11520
4709,40023
4709,18188
4709,15115
4709,37905
4709,10793
4709,31177
4709,37281
4712,34677
4712,22021
4712,6970
4712,2263
4712,45934
4712,11482
4712,20731
4712,30834
4712,23687
4712,31965
4712,40837
4712,47421
4712,36915
4712,10300
4712,12052
4712,39728
4712,25012
4712,23211
4712,44441
4712,12146
4712,6109
4712,41301
4712,29265
4713,9941
4713,40383
4713,37836
4714,31522
4714,22600
4714,14752
4714,21045
4714,39637
4714,26264
4714,47045
4714,9924
4716,31274
4716,22623
4716,10853
4716,5614
4716,42911
4718,16712
4722,25095
4722,26393
4722,14498
4722,24718
4722,21092
4722,11536
4722,12742
4722,28756
4723,38722
4723,37562
4723,25631
4723,37264
4723,22530
4723,25616
4723,28465
4723,7854
4723,33753
4723,46457
4723,34395
4731,18435
4731,33812
4731,46989
4731,41066
4731,23233
4731,37040
4731,34219
4731,13281
4731,18202
4731,44342
4731,28360
4731,25023
4731,17210
4731,27810
4731,21823
4731,6282
4731,7339
4732,44563
4732,36931
4732,21999
4732,41537
4733,609
4733,38743
4733,40878
4733,13936
4733,30193
4733,22769
4733,4922
4733,42876
4733,10246
4733,25287
4733,44939
4733,21764
4733,9168
4733,30487
4733,10991
4733,42704
4733,36417
4733,34028
4733,42181
4735,9067
4735,5738
4735,46209
4735,40155
4735,30422
4735,21597
4735,28512
4735,47508
4735,19666
4735,6430
4735,1927
4735,29011
4735,11173
4737,39500
4737,5483
4738,34879
4738,29425
4738,21646
4738,12110
4738,39291
4738,21838
4738,38703
4738,34355
4738,32050
4738,20068
4738,10771
4738,25001
4741,46209
4742,25183
4742,42676
4743,28222
4745,39048
4745,28222
4745,7531
4745,26387
4745,28869
4745,665
4745,5034
4745,33675
4745,17240
4745,41687
4745,18482
4745,20755
4745,42412
4745,28910
4745,35338
4745,10079
4745,9521
4745,30776
4745,26234
4746,40400
4746,47314
4746,34855
4746,44234
4746,26058
4746,13953
4746,23214
4746,32097
4746,45788
4746,17883
4746,38013
4746,4835
4750,28379
4750,22241
4750,24089
4751,19275
4751,29017
4751,25741
4751,13962
4753,2902
4753,42161
4753,40623
4753,21809
4753,59
4753,20828
4753,18163
4753,12067
4753,24843
4753,37974
4753,34281
4753,13707
4753,12941
4753,35790
4753,6608
4753,30523
4754,22707
4754,24561
4754,7470
4754,26830
4754,46495
4754,46688
4754,35487
4754,14316
4754,25943
4754,7142
4754,45965
4754,17572
4754,25616
4759,34094
4759,41432
4759,14918
4759,3951
4759,20935
4759,40860
4759,40066
4759,22241
4759,23994
4759,19707
4759,19224
4759,35832
4759,41792
4760,9516
4760,4972
4760,39209
4760,20502
4763,20351
4763,2993
4763,29856
4763,41703
4763,14597
4763,45674
4763,15844
4763,32988
4763,16125
4763,18676
4765,44872
4765,14959
4765,28178
4765,40774
4765,45441
4766,45300
4766,22937
4766,46733
4767,387
4767,5859
4767,25472
4767,44728
4767,25330
4767,27834
4767,30276
4767,17457
4767,26327
4767,12030
4767,12565
4767,38938
4767,20416
4767,25001
4767,45057
4767,21987
4767,15299
4767,21478
4767,39048
4770,15392
4770,22436
4770,39104
4770,11349
4770,17126
4772,35325
4772,24662
4772,16700
4772,14139
4772,32692
4772,27735
4772,17616
4775,29065
4775,29442
4775,20630
4775,29254
4777,16130
4777,10721
4777,22342
4777,32492
4777,10084
4777,21853
4777,43479
4777,22745
4777,44413
4777,12365
4777,38993
4777,18123
4777,1309
4777,5529
4777,45533
4777,12035
4780,26684
4781,31098
4781,29061
4781,11618
4781,713
4781,9543
4781,11722
4781,8530
4782,41980
4782,38046
4782,10953
4782,13271
4782,12702
4782,9350
4782,7438
4782,6621
4782,35215
4782,7617
4782,10818
4782,42143
4782,43094
4782,26264
4782,23545
4782,1968
4784,36947
4784,9706
4784,7345
4784,9703
4784,9880
4784,47056
4784,6679
4784,44417
4784,35862
4784,27027
4784,20908
4784,24340
4784,22669
4784,35990
4784,40912
4784,30099
4784,13844
4784,15795
4784,35243
4784,13165
4784,22415
4784,33465
4784,12082
4784,23242
4784,18919
4784,45303
4786,41336
4786,17267
4786,20587
4786,8685
4787,34793
4787,22926
4787,28473
4787,29987
4787,21762
4787,37132
4787,31079
4787,21846
4787,18789
4790,33786
4790,17994
4790,44276
4790,8171
4790,45774
4791,23523
4791,29699
4791,38480
4791,28623
4791,20360
4791,17023
4793,18097
4793,35470
4793,26845
4793,21934
4793,33850
4793,12271
4793,28839
4793,5784
4793,13492
4793,11432
4793,18109
4793,35228
4793,5209
4793,8193
4793,40775
4794,13176
4794,12965
4794,45069
4796,11594
4796,46319
4796,10361
4796,39889
4798,34867
4798,38652
4798,31023
4798,43852
4798,40727
4798,41303
4798,28430
4801,41410
4801,37252
4801,20686
4801,22528
4801,45283
4801,12577
4802,23316
4802,36915
4802,19887
4803,41298
4803,36677
4803,33218
4803,46754
4803,6788
4803,40394
4803,23100
4803,43167
4803,36947
4804,32255
4804,23231
4804,316
4804,18194
4804,28057
4810,8790
4810,26378
4810,10366
4811,10118
4811,8475
4811,34305
4811,19856
4811,36733
4811,20153
4811,19513
4811,46926
4811,39356
4811,5075
4811,6179
4812,34831
4812,42580
4812,27500
4812,31445
4812,30193
4814,14900
4814,26376
4814,39475
4814,45673
4814,46442
4814,43605
4814,14712
4814,11090
4814,43287
4814,28519
4814,23819
4814,17553
4814,8521
4814,6276
4814,45220
4814,14523
4814,32242
4814,36949
4814,18702
4814,14926
4814,6245
4814,26479
4814,37271
4814,18870
4816,44390
4816,33218
4819,14047
4819,18354
4821,45505
4821,10065
4821,39757
4821,26032
4821,4888
4821,41376
4821,43732
4821,27298
4821,18637
4827,32694
4827,38652
4827,5611
4827,41990
4827,32241
4827,35794
4827,36145
4827,6797
4827,25927
4828,31195
4828,31781
4828,6592
4828,17070
4830,36148
4830,18559
4836,29706
4836,17783
4836,15282
4836,21463
4836,14900
4836,35959
4836,33578
4836,20359
4836,6989
4836,10079
4836,17033
4836,10538
4836,41725
4836,5772
4836,5508
4838,27884
4838,8087
4838,11928
4838,29177
4838,40223
4838,20279
4838,9666
4838,43810
4838,38888
4838,26430
4838,20227
4841,33220
4841,34026
4841,29490
4841,35187
4843,36583
4843,5859
4843,27680
4843,13620
4843,43387
4843,40035
4843,12565
4843,21838
4843,44434
4843,14539
4843,34879
4843,44281
4843,45109
4843,24103
4845,30464
4845,47099
4846,47253
4846,26668
4846,40056
4846,11763
4846,26129
4846,41893
4847,30220
4847,12363
4847,10448
4847,10495
4847,36114
4847,11695
4847,41770
4847,36954
4847,24278
4847,39434
4847,17735
4847,32509
4847,13528
4847,6245
4850,16643
4850,34858
4850,9887
4850,9181
4850,44869
4850,42920
4850,20642
4850,24374
4850,9863
4850,33595
4850,18186
4850,21594
4850,32339
4850,44773
4855,19093
4855,17470
4855,35647
4855,46586
4855,40569
4855,34534
4855,29112
4855,41687
4855,20857
4855,28751
4855,10419
4855,18627
4855,25516
4856,41970
4856,31947
4857,38856
4857,43950
4857,26214
4857,8337
4857,26643
4857,29395
4857,30534
4857,7754
4857,10951
4857,37941
4857,41050
4857,42870
4857,46688
4859,39653
4859,7482
4859,14319
4859,23198
4859,23730
4861,14492
4861,7534
4861,20970
4861,19148
4861,33749
4861,18818
4861,19787
4861,19609
4861,12332
4861,8700
4861,9905
4861,39360
4861,45838
4861,32395
4861,21169
4861,18607
4861,13035
4861,38349
4861,36362
4861,39393
4861,30748
4861,15969
4861,7317
4862,2345
4862,45373
4862,46457
4862,46737
4862,43436
4862,24855
4862,26656
4862,37264
4862,43618
4862,39450
4862,33704
4862,12445
4862,23249
4862,16735
4876,9014
4876,5508
4876,47415
4876,41778
4876,32081
4876,42678
4876,31045
4876,21488
4876,19377
4876,46235
4880,1053
4880,13079
4880,31553
4880,16320
4882,7817
4882,37658
4882,41513
4882,18781
4882,31036
4882,38746
4882,32131
4882,38924
4882,11722
4882,46278
4882,32722
4882,28438
4882,6220
4882,42674
4882,40663
4882,21255
4882,25251
4882,6877
4887,6470
4887,34788
4887,42469
4887,36062
4887,42154
4887,15831
4887,13170
4888,5104
4888,39375
4888,39567
4888,9566
4888,42825
4888,24397
4888,7455
4888,18547
4888,23183
4888,42741
4888,31135
4888,25655
4888,45744
4888,7872
4888,31970
4888,29049
4888,40607
4888,12347
4888,8474
4888,31627
4888,41004
4888,22363
4888,24580
4888,25632
4888,43484
4888,22414
4888,11939
4888,32558
4890,12336
4890,32225
4890,28310
4890,23061
4890,34432
4890,43363
4890,31492
4890,3172
4891,22653
4891,17210
4893,25227
4893,45504
4893,12268
4893,5837
4893,21444
4893,34711
4893,13235
4893,5496
4893,44346
4893,8124
4893,43179
4893,2793
4893,13272
4893,33632
4893,44557
4893,20469
4893,30631
4893,6295
4893,25718
4897,7646
4897,37235
4897,30297
4897,43322
4897,13325
4897,28563
4897,8007
4897,6261
4897,37909
4897,17023
4897,24922
4897,16357
4897,43651
4897,41285
4897,18930
4897,16605
4897,5564
4897,45882
4897,39207
4897,38696
4901,21888
4901,22169
4901,18487
4901,42176
4901,7986
4901,44846
4901,40516
4901,44590
4901,20047
4901,11743
4901,15853
4901,33131
4901,12002
4901,5082
4901,5020
4901,14597
4901,30908
4901,43763
4901,39877
4901,38275
4905,47361
4905,40375
4913,37880
4913,38621
4913,27270
4913,19364
4913,27403
4913,25679
4915,8131
4915,7433
4915,7839
4915,11516
4915,23409
4915,33885
4915,38312
4915,24303
4915,30043
4915,10907
4915,43666
4915,10097
4915,45927
4915,27530
4915,27111
4915,7595
4915,28361
4917,8980
4917,36124
4917,12082
4917,26328
4917,35300
4917,20307
4917,37188
4917,19249
4917,24979
4917,41234
4917,12577
4922,7715
4922,31112
4922,26737
4922,20699
4922,1351
4922,14143
4922,40081
4922,44692
4922,36035
4922,41398
4922,17269
4922,40674
4922,41392
4929,33152
4929,9868
4929,28623
4930,27817
4930,24120
4930,34169
4930,20547
4930,45675
4930,5336
4930,7024
4930,19346
4930,40493
4930,28657
4931,999
4931,32694
4935,23075
4935,14645
4935,29288
4935,40290
4939,14579
4939,33311
4939,39438
4939,40715
4939,21193
4939,46072
4939,30231
4939,8320
4939,39727
4939,39893
4939,25311
4939,32091
4939,13565
4939,16647
4939,41050
4939,24402
4939,8093
4939,10217
4939,10569
4940,18097
4940,14340
4940,35542
4940,43837
4940,7471
4940,19164
4940,6667
4941,20901
4941,45241
4941,17897
4941,10640
4941,24938
4941,39893
4941,28524
4941,31382
4941,16647
4941,32317
4941,21193
4941,44591
4941,29634
4942,14136
4942,2244
4942,8794
4942,7596
4942,6810
4942,42631
4942,24528
4942,8008
4942,35554
4943,30449
4943,21499
4943,17730
4943,8836
4943,32322
4943,45266
4943,45966
4943,14900
4943,40516
4943,10068
4943,39122
4943,42798
4943,42005
4943,13567
4952,26411
4952,41043
4952,9987
4952,47323
4952,18573
4955,13142
4955,22891
4955,21092
4956,6256
4956,32950
4956,33363
4957,6918
4958,43357
4965,45122
4965,47062
4965,17560
4965,37024
4965,35080
4965,11160
4965,37592
4965,14692
4965,10395
4965,26873
4965,16925
4965,43817
4965,34053
4965,25540
4965,1959
4965,9161
4965,42368
4966,9880
4966,18957
4966,36953
4966,33894
4966,43477
4966,39481
4966,24222
4966,39360
4968,34879
4968,30856
4968,27116
4968,5859
4969,16741
4969,9945
4969,28081
4969,18137
4969,38787
4969,26361
4969,42208
4969,40855
4969,36490
4969,45534
4969,41234
4970,39603
4970,24469
4970,15177
4970,13393
4970,33020
4970,40095
4970,42047
4970,6816
4970,18187
4970,26673
4970,28063
4970,41436
4970,40207
4971,28803
4973,12439
4973,22663
4973,45904
4973,45858
4973,6639
4973,39838
4973,17580
4973,40802
4973,45233
4973,35615
4973,8478
4973,41642
4973,14012
4973,22021
4974,24492
4974,6975
4974,39174
4974,14525
4974,42028
4974,18745
4974,41877
4974,8349
4974,43747
4974,31799
4974,21844
4974,5805
4975,35749
4975,40018
4975,35427
4975,37531
4975,38301
4975,46968
4975,34068
4975,43839
4975,6860
4975,8094
4975,5876
4975,13239
4975,23687
4975,5356
4977,18399
4977,47376
4977,25674
4977,24644
4977,45630
4977,46847
4977,5238
4977,38298
4977,37232
4979,9725
4982,45310
4982,31478
4982,33483
4982,5267
4982,33017
4982,35568
4982,41931
4982,19426
4982,45088
4982,29384
4982,6626
4982,26265
4982,36733
4982,21091
4982,22805
4982,18670
4982,23902
4982,18432
4982,31016
4982,34833
4982,34724
4982,5731
4982,29484
4982,6934
4982,36365
4982,27420
4982,38091
4982,34597
4982,23765
4984,3763
4984,5859
4984,27116
4984,1130
4984,2660
4984,16800
4984,44037
4984,21420
4984,45090
4984,24061
4984,40882
4984,5147
4984,22291
4984,25330
4984,16955
4984,20206
4985,18629
4985,32504
4985,33431
4985,19083
4985,41959
4985,29588
4985,5329
4985,23536
4985,39970
4985,12845
4985,41640
4985,13221
4985,31613
4985,42191
4985,11142
4985,27392
4988,42347
4988,42142
4988,10471
4988,38094
4988,34221
4988,33088
4988,18381
4988,24310
4988,35903
4988,32664
4988,9146
4990,15162
4990,40003
4990,8354
4990,34923
4990,35929
4990,25068
4991,32184
4995,14657
4995,28440
4995,45379
4995,33679
4995,37531
4995,46047
4995,40513
4995,20398
4995,11963
4995,18745
4998,9419
4998,42161
4999,17124
4999,29979
4999,25500
4999,9299
4999,15365
4999,8751
4999,45278
4999,17204
4999,8892
4999,38021
4999,19412
4999,10816
4999,16831
4999,18199
4999,43363
4999,24580
5000,42193
5000,36304
5000,29453
5000,12120
5000,42148
5000,43645
5000,10565
5000,27979
5000,11575
5000,14142
5001,35848
5001,31761
5001,29514
5001,35905
5001,23074
5001,45949
5001,41601
5001,16745
5001,11068
5001,45345
5001,20142
5001,26643
5002,47013
5002,45265
5002,39738
5002,27719
5002,24089
5002,11311
5004,6109
5004,17028
5004,27783
5004,44409
5005,13353
5005,11694
5005,38966
5005,20933
5005,43785
5005,32728
5005,10975
5005,30480
5005,26380
5005,34545
5005,35163
5005,32097
5006,19328
5006,35985
5006,19256
5006,6821
5006,43724
5006,36295
5006,38193
5006,18866
5006,28649
5006,5764
5006,4329
5006,32837
5006,27460
5006,17844
5006,6409
5006,15861
5006,3951
5010,36787
5010,36350
5010,32571
5010,45744
5012,42124
5012,42952
5012,45620
5012,30192
5012,6676
5012,18958
5013,39116
5013,32325
5013,17565
5013,38533
5013,22633
5013,11418
5013,6924
5013,20860
5014,9019
5014,7534
5014,46580
5014,35647
5014,12469
5014,37790
5014,33086
5014,42288
5014,26238
5014,8367
5014,45699
5014,20857
5014,15749
5014,27162
5014,22598
5014,33018
5015,7549
5020,21888
5020,20047
5020,43785
5020,14400
5020,25051
5020,6434
5020,33076
5020,30908
5020,9802
5020,23039
5020,19520
5020,7986
5020,30200
5020,12002
5020,20830
5026,11266
5026,25001
5026,37563
5026,27680
5026,19556
5026,13620
5026,16075
5026,18261
5026,46549
5026,22426
5026,14941
5026,7237
5026,38058
5026,33913
5026,35411
5026,17303
5026,39137
5026,39051
5026,6387
5026,30760
5026,46744
5026,20607
5026,45109
5027,43947
5029,42397
5029,41630
5029,22250
5033,25400
5034,45454
5034,31302
5034,36654
5034,23693
5034,8120
5034,27865
5034,36347
5034,32128
5034,37171
5034,665
5034,33537
5034,3496
5034,19421
5034,38897
5034,26641
5034,25696
5034,18687
5034,32425
5034,23669
5034,34229
5034,19812
5034,18297
5034,39061
5034,36945
5034,22845
5034,46050
5034,43719
5034,43658
5034,43917
5034,20619
5034,8722
5034,25673
5034,5905
5034,39726
5034,21553
5034,20743
5034,17724
5034,28624
5034,6505
5034,24918
5038,30592
5038,41703
5039,13725
5039,25289
5039,23746
5041,46963
5041,21165
5041,38406
5041,31570
5041,47440
5041,23164
5041,44310
5041,20705
5041,25797
5041,15908
5043,33546
5043,46960
5043,11650
5043,23165
5043,19556
5043,10346
5043,17675
5043,23773
5044,29180
5044,46314
5044,44898
5044,13577
5044,15096
5045,22462
5047,45553
5047,9230
5047,11856
5047,46471
5050,5661
5050,24733
5050,45683
5050,17167
5050,9161
5051,28842
5051,673
5051,22722
5051,33997
5051,25235
5051,26095
5051,40449
5051,35165
5051,37329
5051,16252
5051,19148
5052,14270
5052,6696
5052,6088
5052,42053
5053,32831
5053,34838
5053,43454
5053,24493
5053,29246
5053,35967
5053,40388
5053,27492
5053,7481
5053,40126
5053,25966
5053,35029
5053,20951
5053,44875
5053,34983
5053,23961
5053,29536
5053,12851
5053,8728
5053,25766
5053,8817
5053,28513
5053,33978
5053,39002
5053,17269
5054,42118
5054,14510
5054,9656
5054,16040
5054,38978
5057,36236
5057,23165
5057,10346
5058,7457
5058,5321
5058,13200
5058,43556
5058,37695
5058,16043
5058,18504
5058,16298
5058,40582
5058,23870
5058,41084
5058,24252
5058,40172
5058,32169
5058,15717
5059,5864
8398,17268
8398,46423
8398,34221
8398,23422
8398,8468
8398,34516
8398,8981
8398,14872
8398,1896
8398,24310
12483,31262
12483,31982
12483,27949
12483,15268
13333,28489
13333,20482
13333,7619
13333,25888
13333,20480
13333,8350
13333,20152
13333,5827
13333,9351
13333,37907
13333,11145
13333,3843
13333,7317
13333,24283
13333,39393
13333,27236
13333,14492
13333,36967
13333,40851
13333,25670
13333,42295
13333,47442
15426,24679
15426,31947
15919,22693
15919,11842
15919,32432
15919,11542
15919,21922
15919,17934
15919,20882
16028,8612
16028,13497
16028,28929
16028,7681
16028,45206
16028,27362
16028,45212
16028,27641
16028,43463
16028,12296
16028,11669
16028,28431
16028,33747
16055,38558
16055,27905
16055,5839
16055,44648
16055,41160
16055,42757
16055,18732
16055,15029
16055,37873
16055,4983
16055,17740
16055,32063
16055,38440
16055,8099
16055,29319
16055,43585
16055,33768
16055,46230
16055,39733
16055,17699
16055,22887
16055,26224
16055,20228
16055,25507
16222,47472
16222,17669
16222,24533
16222,42425
16222,32057
16222,28746
16222,17194
16222,37338
21302,17951
21302,43201
21302,30833
21302,47000
21302,6958
21302,11003
21302,16647
21302,10594
21302,29802
21302,4310
21302,19934
21302,29627
21302,36690
21302,12424
21302,38179
23532,27447
23532,22693
23532,47310
23532,36124
23578,3302
23578,44658
23650,25019
23650,29064
23650,5003
23650,17360
23650,46202
23650,15268
23650,43494
23650,39945
23650,19519
23650,5450
23650,4592
23650,11715
23650,23172
23650,31413
23650,39596
23650,23162
23650,27484
23650,10943
23650,21391
23650,41465
23650,26675
23688,9062
23688,26982
23688,30866
23688,29842
23688,32796
23688,30582
23688,41827
23688,13380
23688,44409
23688,13006
23688,10335
23688,16757
23715,17692
23715,37051
23715,27323
23715,25852
23715,21716
23755,36326
23755,28763
23755,25400
23755,14399
23755,14343
23755,44246
23755,43824
23755,26591
23766,43855
23766,44235
23766,18870
23766,31077
23766,14523
23766,43287
23769,10332
23769,13861
23769,18709
23769,39600
23769,15478
23769,8004
23769,26557
23769,24705
23769,30306
23769,35760
23769,18430
23786,10418
23786,10302
23786,42536
23786,37593
23786,41150
23786,41501
23786,40354
23786,14035
23786,17934
23786,47310
23810,47280
23810,25391
23810,16486
23810,24686
23810,28468
23810,45112
23810,28314
23810,16955
23831,46252
23831,4731
23831,16320
23831,17665
23831,45766
23831,9741
23831,7339
23833,33690
23833,39254
23833,29163
23847,41244
23847,16020
23850,46567
23850,18430
23853,40705
23853,47164
23853,34578
23853,15808
23853,24491
23853,21410
23853,43422
23863,19188
23863,46388
23863,40688
23863,10316
23863,15381
23863,28056
23863,9474
23863,25723
23873,43282
23873,6542
23873,34250
23873,8212
23873,34674
23873,5677
23873,30780
23873,15963
23873,20121
23881,37531
23881,22906
23881,20056
23881,18504
23881,22061
23881,19145
23881,38696
23881,46892
23881,16931
23881,38721
23881,23050
23881,18584
23881,16455
23881,33958
23881,41809
23881,6356
23891,37981
23891,44232
23891,37115
23891,28919
23891,37451
23891,46112
23891,7059
23891,13904
23891,14805
23891,26491
23891,33772
23891,43135
23891,23900
23891,33122
23891,16103
23891,26039
23891,22156
23891,10929
23891,17093
23891,5469
23891,8319
24233,20136
24233,5955
24233,12525
24233,34867
24233,34706
24233,22632
25022,44706
25222,33010
25222,3110
25222,29536
25222,28983
27786,6555
27786,24982
27786,45809
27786,44415
27786,37123
27786,3496
27786,34992
27786,27984
27786,29047
27786,45441
29614,35981
30964,11758
30964,16657
30964,37216
31089,9115
31089,46285
31089,11621
31297,17320
31297,16132
31479,14746
31479,10011
31479,16444
31479,29845
31479,29870
31479,8532
31479,25790
31479,14061
31479,20907
31508,19039
31577,40538
31624,20679
31624,15141
31624,27269
31624,8587
31624,36542
31624,46629
31675,5332
31675,44043
31675,29481
31675,24218
31689,20551
31710,40901
31710,28794
31710,15131
31710,43023
31710,31654
31710,19605
31710,13941
31710,35439
31710,12146
31710,27334
31710,6396
31710,18132
31710,13372
31710,35715
31723,40623
31723,33661
31723,25593
31723,10345
31723,45345
31723,31121
31723,33062
31723,23951
31723,40830
31723,23409
31731,30819
31731,29990
31731,39418
31731,43586
31731,7444
31731,42707
31731,13689
31731,13274
31731,29587
31731,29135
31731,5497
31731,33975
31731,32310
31736,5483
31736,36096
31736,41303
31744,13108
31744,10728
31744,18637
31744,13945
31744,28057
31744,18097
31744,19126
31744,32858
31744,39577
31744,34787
31744,13461
31744,40775
31744,24018
31744,18976
31744,20091
31752,40414
31757,12973
31757,44975
31757,16881
31757,38658
31757,35289
31780,39911
31780,20445
31780,31302
31780,36763
31780,27304
31780,6493
31780,38696
31908,40960
31908,36350
31908,18204
32929,37198
33112,10511
33112,38140
33319,25630
33319,26287
33319,37740
33319,9610
33319,34397
33319,23189
33319,30748
33319,14663
33319,30580
33319,36018
33319,21128
33319,29348
33319,34434
33319,46679
33319,47321
33319,5543
33319,22420
33319,44129
33319,25117
33319,31070
33319,7568
33319,21000
33319,36464
33319,27394
33319,32425
33319,34198
33319,40249
33319,20766
33319,25442
33319,26519
33319,25605
33319,11368
33319,44953
33319,16128
33319,39637
33319,7301
33319,33958
33319,32510
33319,4836
33319,27896
33319,39615
33319,38478
33319,42739
33319,22184
33319,32504
33319,36570
33319,7900
33319,7491
33319,22462
33319,33792
33319,18573
33319,22552
33319,26953
33319,12513
33319,23765
33319,8844
33598,36414
33598,29242
33598,12630
33598,15315
33598,9150
33598,36106
33598,37627
33598,7657
33598,43786
33598,17113
33598,18167
33598,38408
33598,21366
33598,39253
33598,46313
33598,8702
33598,45319
33598,11375
33598,35556
33598,7652
33598,47097
33598,35497
33598,19958
33598,27886
33598,43767
33598,5285
33598,15202
33598,33164
33598,33281
33598,18708
33598,24577
33754,14900
33754,44706
33754,42448
33754,5250
33754,31641
34850,42358
34850,21213
34850,47370
34850,28916
34850,16961
34850,40806
34850,14168
36277,9606
36277,36165
36277,42602
36277,39416
36277,26407
36277,22163
36277,14111
36277,46732
36277,7441
36277,46994
36880,33806
36880,40882
36880,3333
36880,26695
36880,22263
36880,32780
37134,37525
37134,44568
37134,37206
37298,11516
37298,36938
37298,46510
37298,31194
37298,5223
37298,28361
37298,38113
37298,16110
37298,15192
37298,37386
37298,11514
37298,18804
37298,26766
37748,25347
37748,37890
37748,26458
37748,34740
37748,24031
39306,8171
39513,39000
39513,35415
39513,5612
39678,37047
39678,36347
39691,39226
39691,17963
39691,44369
39691,10478
39691,34949
39777,24372
39777,37255
39777,39311
39777,8840
39777,42801
39777,12030
39777,36229
39777,40678
39777,19111
39777,16266
39871,34804
39871,24031
39871,6860
39871,6487
39871,44194
39871,30231
39871,10057
39871,27772
39871,8896
39871,10234
39871,19918
39871,47296
39871,42181
39890,45224
39890,40758
39890,37496
39890,934
39890,32231
39890,13224
39890,34934
39890,19951
39897,33363
39897,45793
39897,28798
39897,37104
39897,11169
39897,47537
39897,14630
39897,47402
39897,32465
39897,12907
39897,37347
39897,16173
39897,10662
39897,24592
39897,13486
39897,15614
39907,22212
39909,42981
39909,32246
39909,18395
39909,33950
39909,43956
39909,12176
39909,22619
39909,47014
39909,22420
41037,37749
41037,23229
41037,41917
41037,13355
41037,26096
41037,32172
41461,39713
41461,35968
41461,31888
41461,5390
41461,35554
41779,15321
41779,21611
41779,15066
41779,8030
41779,30102
41779,31485
41779,34253
41779,21888
41779,12902
41779,17203
41779,43541
41779,13556
41779,35362
41779,29046
41779,21039
41779,20994
41779,29416
41779,17015
41779,25103
41779,25952
41779,42374
41779,38971
41779,41336
41779,6638
41779,15189
42158,6946
42158,10007
42158,2103
42158,40129
42158,38004
42158,44773
42158,40003
42587,19712
42587,15712
42587,43237
42587,1579
43008,41421
43008,12578
43008,35343
43211,19756
43211,10811
43211,9366
43211,32441
43211,31418
43211,12575
43211,24522
43211,15854
43211,20275
43211,26972
43211,18255
43211,10665
43211,34740
43211,27428
43211,25814
43211,32755
43211,37966
43211,17773
43211,12083
43211,20525
43211,37142
43292,35471
43292,43101
43292,18253
43292,37689
43499,38096
43499,45801
43499,39088
43499,37494
43499,39124
43499,43797
43499,19301
44105,16469
44105,38820
44105,21707
44105,38013
44105,7580
44105,47094
44105,10304
44105,1497
44105,22741
44105,10539
44105,37709
44105,45575
44105,40596
44105,16743
44445,41038
44445,15715
44445,20800
44445,24440
44851,44862
44851,13699
44851,37697
45052,32856
45052,8816
45052,22884
45052,47286
45052,1427
45052,10221
45052,27460
45094,34678
45094,20106
45094,28695
45094,19469
45094,16084
45094,42326
45094,43628
45094,25690
45094,11417
45094,28861
45094,45958
46220,35700
46415,45756
46415,12664
46415,33218
46415,9595
46415,41198
46415,13438
46415,34335
46415,20924
46415,14343
46415,10713
46415,43570
46415,27175
46415,20991
46431,37755
46431,9638
46431,2231
46431,34232
46431,41674
46431,14790
46431,22862
46431,38705
46431,3638
46665,35906
46665,17554
46665,25850
46665,45709
46665,9726
46665,16319
46665,11993
46665,9911
46665,40678
46783,31628
46783,44839
46783,27443
46783,37986
46783,15047
46783,5385
46783,7797
